mes,ciudad,categoria,ventas_totales_millones,ticket_promedio,unidades_vendidas,num_transacciones
2024-01,Bogotá,Ropa,418.48,76626,1379,1830
2024-01,Bogotá,Hogar,426.72,104835,1381,342
2024-01,Bogotá,Tecnología,185.87,140316,949,4363
2024-01,Bogotá,Alimentos,387.27,120970,804,3712
2024-01,Medellín,Ropa,317.45,122068,4442,1713
2024-01,Medellín,Hogar,272.07,58659,1254,2055
2024-01,Medellín,Tecnología,352.54,110012.17391304347,6048,1796
2024-01,Medellín,Alimentos,129.83,85286,5958,631
2024-01,Cali,Ropa,323.09,171081,7127,3834
2024-01,Cali,Hogar,340.87,174204,3744.095744680851,3094
2024-01,Cali,Tecnología,249.36,139678,6875,898
2024-01,Cali,Alimentos,346.07,110012.17391304347,3765,356
2024-01,Barranquilla,Ropa,425.83,108043,1600,2522
2024-01,Barranquilla,Hogar,174.51,110012.17391304347,3762,2334
2024-01,Barranquilla,Tecnología,251.05,119385,7755,490
2024-01,Barranquilla,Alimentos,427.81,154704,4083,1772
2024-02,Bogotá,Ropa,441.94,141486,2319,4416
2024-02,Bogotá,Hogar,123.47,95173,2374,4667
2024-02,Bogotá,Tecnología,255.75,108047,4519,2082
2024-02,Bogotá,Alimentos,287.32,108293,5339,962
2024-02,Medellín,Ropa,414.49,25214,2957,1736
2024-02,Medellín,Hogar,131.32,80128,863,1673
2024-02,Medellín,Tecnología,445.89,119881,3830,717
2024-02,Medellín,Alimentos,430.27,153486,6775,4901
2024-02,Cali,Ropa,110.5,80292,4767,2585
2024-02,Cali,Hogar,270.26,88648,3085,647
2024-02,Cali,Tecnología,224.38,113889,4560,1217
2024-02,Cali,Alimentos,415.12,116400,7185,4666
2024-02,Barranquilla,Ropa,245.38,136547,4124,1625
2024-02,Barranquilla,Hogar,389.32,86221,1704,3335
2024-02,Barranquilla,Tecnología,352.91,167477,4527,4525
2024-02,Barranquilla,Alimentos,380.09,174198,7707,4956
2024-03,Bogotá,Ropa,223.6,61196,2784,2266
2024-03,Bogotá,Hogar,333.51,137297,6636,2090
2024-03,Bogotá,Tecnología,81.46,165063,2734,881
2024-03,Bogotá,Alimentos,388.18,118538,1809,1543
2024-03,Medellín,Ropa,82.71,122884,767,2911
2024-03,Medellín,Hogar,156.83,170295,2267,4689
2024-03,Medellín,Tecnología,415.44,156825,3068,1920
2024-03,Medellín,Alimentos,306.36,114872,1609,4242
2024-03,Cali,Ropa,220.44,152318,2711,3668
2024-03,Cali,Hogar,241.24,42626,533,3804
2024-03,Cali,Tecnología,93.85,143499,7974,4635
2024-03,Cali,Alimentos,440.21,121660,6513,211
2024-03,Barranquilla,Ropa,239.75,48009,1058,970
2024-03,Barranquilla,Hogar,434.3,37441,7011,2117
2024-03,Barranquilla,Tecnología,408.47,96931,4615,3442
2024-03,Barranquilla,Alimentos,316.79,145802,3602,2506
2024-04,Bogotá,Ropa,439.26,138697,914,2762
2024-04,Bogotá,Hogar,308.97,151671,4667,1721
2024-04,Bogotá,Tecnología,203.37,51375,3744.095744680851,4111
2024-04,Bogotá,Alimentos,208.3,171432,2007,1603
2024-04,Medellín,Ropa,227.44,110012.17391304347,4577,2164
2024-04,Medellín,Hogar,370.34,48106,4063,636
2024-04,Medellín,Tecnología,94.41,136504,1612,4033
2024-04,Medellín,Alimentos,357.05,75233,1537,1927
2024-04,Cali,Ropa,330.59,145715,4194,394
2024-04,Cali,Hogar,143.37,86138,7548,397
2024-04,Cali,Tecnología,176.6,130182,2940,4781
2024-04,Cali,Alimentos,270.33,145253,1832,1992
2024-04,Barranquilla,Ropa,329.97,54120,2450,4071
2024-04,Barranquilla,Hogar,443.64,29508,4434,4568
2024-04,Barranquilla,Tecnología,361.03,46036,563,2312
2024-04,Barranquilla,Alimentos,289.6,130425,6471,2966
2024-05,Bogotá,Ropa,394.39,169898,1239,554
2024-05,Bogotá,Hogar,150.11,110327,4502,990
2024-05,Bogotá,Tecnología,180.38,118274,4741,3751
2024-05,Bogotá,Alimentos,386.42,55534,5104,2483
2024-05,Medellín,Ropa,336.49,107962,5833,3491
2024-05,Medellín,Hogar,169,52831,1337,4767
2024-05,Medellín,Tecnología,95.91,95042,2764,2588
2024-05,Medellín,Alimentos,131.98,74143,7588,2458
2024-05,Cali,Ropa,160.06,43007,4200,2889
2024-05,Cali,Hogar,257.38,53846,1428,3332
2024-05,Cali,Tecnología,153.04,138108,7006,1542
2024-05,Cali,Alimentos,346.16,88840,1958,4904
2024-05,Barranquilla,Ropa,82.92,89178,7430,3291
2024-05,Barranquilla,Hogar,218.93,99448,7139,2996
2024-05,Barranquilla,Tecnología,270.33,91262,1436,3156
2024-05,Barranquilla,Alimentos,80.58,46156,6369,4641
2024-06,Bogotá,Ropa,295.19,152825,3845,2072
2024-06,Bogotá,Hogar,138.42,116807,1432,1582
2024-06,Bogotá,Tecnología,212.84,148132,7128,636
2024-06,Bogotá,Alimentos,318.88,144200,2959,1746
2024-06,Medellín,Ropa,367.05,167299,2826,3840
2024-06,Medellín,Hogar,288.55,158708,3469,701
2024-06,Medellín,Tecnología,166.47,74131,4041,3609
2024-06,Medellín,Alimentos,113.29,65185,3196,4839
2024-06,Cali,Ropa,111.68,140051,3939,1167
2024-06,Cali,Hogar,192.93,140841,779,721
2024-06,Cali,Tecnología,326.95,167275,1824,466
2024-06,Cali,Alimentos,80.09,147945,7868,4183
2024-06,Barranquilla,Ropa,157.17,45666,2895,2990
2024-06,Barranquilla,Hogar,425.22,69601,1700,2456
2024-06,Barranquilla,Tecnología,422.49,55175,4111,1952
2024-06,Barranquilla,Alimentos,351.61,146537,542,1545
